{
  "Dummy Most Frequent": {
    "accuracy": 0.6766666666666666,
    "f1": 0.0,
    "roc_auc": 0.5
  },
  "Dummy Stratified": {
    "accuracy": 0.5623333333333334,
    "f1": 0.3256291730868002,
    "roc_auc": 0.5008404855009903
  },
  "Logistic Regression": {
    "accuracy": 0.8296666666666667,
    "f1": 0.7146845337800112,
    "roc_auc": 0.8789091463104972
  },
  "Decision Tree": {
    "accuracy": 0.878,
    "f1": 0.8036480686695279,
    "roc_auc": 0.9164562490477883
  },
  "Gradient Boosting": {
    "accuracy": 0.9226666666666666,
    "f1": 0.8739130434782608,
    "roc_auc": 0.9663841348839571
  },
  "Stacking": {
    "accuracy": 0.9203333333333333,
    "f1": 0.8728046833422033,
    "roc_auc": 0.9616571022294449
  }
}