value,count,share
Moscow,11,0.3333333333333333
Saint Petersburg,3,0.09090909090909091
Almaty,3,0.09090909090909091
Minsk,3,0.09090909090909091
Kyiv,2,0.06060606060606061
Astana,2,0.06060606060606061
Novosibirsk,1,0.030303030303030304
Yekaterinburg,1,0.030303030303030304
Kazan,1,0.030303030303030304
Lviv,1,0.030303030303030304
